Student_ID,Name,Department,Age,Attendance,Python_Marks,ML_Marks,Projects
101,Aarav,CSE,20,92,85,88,3
102,Diya,AIML,21,87,78,91,2
103,Rohan,CSE,,76,69,74,1
104,Meera,AIML,20,,92,89,4
105,Kabir,CSE,22,81,,72,2
106,Anaya,AIML,21,95,88,94,5
107,Vivaan,CSE,20,68,55,61,1
108,Isha,AIML,,89,79,85,3
109,Arjun,CSE,21,73,64,,2
110,Sara,AIML,20,91,86,90,4
111,Raj,CSE,22,,71,68,1
112,Myra,AIML,21,84,,87,3
113,Aditya,CSE,20,79,75,73,
114,Kiara,AIML,22,96,94,97,5
115,Dev,CSE,,65,58,62,1
116,Nisha,AIML,20,88,82,,3
117,Manav,CSE,21,72,67,70,2
118,Tara,AIML,20,,91,93,4
119,Neil,CSE,22,83,77,75,2
120,Riya,AIML,21,90,,89,3